City_ID,City,Lat,Lng,Max Temp,Humidity,Cloudiness,Wind Speed,Country,Date
0,port elizabeth,-33.918,25.5701,24.5,83,20,6.17,ZA,1678198832
1,busselton,-33.65,115.3333,18.97,46,0,7.59,AU,1678199016
2,mogadishu,2.0371,45.3438,27.64,77,100,9.29,SO,1678198858
3,maralal,1.0968,36.698,25.35,28,52,8.14,KE,1678199019
4,butaritari,3.0707,172.7902,27.03,80,98,5.39,KI,1678199020
5,narsaq,60.9167,-46.05,1.12,83,47,1.05,GL,1678199021
6,broken hill,-31.95,141.4333,18.34,40,0,6.21,AU,1678199022
7,carballo,43.213,-8.691,16.59,74,100,5.54,ES,1678199023
8,boralday,43.3578,76.8594,11.92,71,75,5.0,KZ,1678199024
9,burla,21.5,83.8667,28.41,28,0,2.26,IN,1678199027
10,isilkul,54.9109,71.2728,-3.78,95,100,6.59,RU,1678199028
11,rikitea,-23.1203,-134.9692,24.26,86,100,9.94,PF,1678199029
12,carnarvon,-24.8667,113.6333,26.13,69,0,8.86,AU,1678199030
13,ushuaia,-54.8,-68.3,9.81,46,20,5.66,AR,1678198821
14,cherskiy,68.75,161.3,-36.59,98,85,1.0,RU,1678198823
15,isangel,-19.55,169.2667,24.4,77,36,4.28,VU,1678199034
16,paita,-5.0892,-81.1144,24.14,84,100,1.93,PE,1678199035
17,avarua,-21.2078,-159.775,28.03,89,40,6.17,CK,1678199037
18,half moon bay,37.4636,-122.4286,6.98,91,75,2.57,US,1678199038
19,saskylakh,71.9167,114.0833,-27.7,97,99,3.36,RU,1678199040
20,belyy yar,53.6039,91.3903,-0.06,65,0,6.0,RU,1678199041
21,burgeo,47.6167,-57.6152,-2.2,78,100,6.25,CA,1678199042
22,tuktoyaktuk,69.4541,-133.0374,-32.0,75,0,5.14,CA,1678199043
23,atuona,-9.8,-139.0333,26.18,75,60,5.58,PF,1678199044
24,kapaa,22.0752,-159.319,22.99,85,75,2.57,US,1678199046
25,katangli,51.7102,143.2326,-12.08,92,28,4.7,RU,1678199047
26,vaini,-21.2,-175.2,23.09,88,75,1.54,TO,1678199048
27,punta arenas,-53.15,-70.9167,10.06,53,20,8.75,CL,1678198895
28,mehamn,71.0357,27.8492,-10.03,73,50,4.63,NO,1678199050
29,la rioja,42.25,-2.5,11.88,59,81,4.61,ES,1678199052
30,puerto ayora,-0.7393,-90.3518,28.98,100,88,2.24,EC,1678199053
31,sao filipe,14.8961,-24.4956,24.46,68,0,4.31,CV,1678199054
32,tasiilaq,65.6145,-37.6368,-5.91,81,64,5.42,GL,1678199055
33,provideniya,64.3833,-173.3,-10.84,95,100,5.71,RU,1678199059
34,katsuura,35.1333,140.3,12.67,63,0,1.8,JP,1678199060
35,binga,-17.6203,27.3414,30.41,54,67,2.62,ZW,1678199061
36,jacareacanga,-6.2222,-57.7528,26.51,83,100,1.29,BR,1678199062
37,jamestown,42.097,-79.2353,-0.55,86,0,5.66,US,1678199065
38,rudnichnyy,59.617,52.4703,-6.12,95,100,1.67,RU,1678199066
39,dikson,73.5069,80.5464,-35.0,98,86,4.34,RU,1678199067
40,tecoanapa,16.5167,-98.75,23.72,75,77,1.51,MX,1678199068
41,north bend,43.4065,-124.2243,3.29,99,100,2.57,US,1678199069
42,east london,-33.0153,27.9116,23.52,83,40,5.14,ZA,1678198858
43,yantal,56.8471,105.2542,-2.6,93,100,5.13,RU,1678199071
44,hermanus,-34.4187,19.2345,21.0,65,98,6.34,ZA,1678198801
45,kavaratti,10.5669,72.642,28.05,62,62,1.48,IN,1678199074
46,soyo,-6.1349,12.3689,28.54,67,90,3.4,AO,1678199075
47,qaanaaq,77.484,-69.3632,-10.01,92,96,1.42,GL,1678199076
48,haifa,32.8156,34.9892,19.05,61,20,5.66,IL,1678198801
49,gimli,50.6336,-96.9907,-21.99,71,88,3.09,CA,1678199079
50,saint george,37.1041,-113.5841,4.03,74,100,0.45,US,1678199080
51,portachuelo,-17.35,-63.4,29.5,71,60,5.01,BO,1678199083
52,saint anthony,45.0205,-93.218,0.14,90,100,3.09,US,1678199084
53,khatanga,71.9667,102.5,-35.17,100,84,2.0,RU,1678199085
54,ribeira grande,38.5167,-28.7,18.22,77,20,12.35,PT,1678199086
55,port alfred,-33.5906,26.891,22.32,84,71,1.79,ZA,1678199089
56,mataura,-46.1927,168.8643,13.61,78,95,1.84,NZ,1678199091
57,mahebourg,-20.4081,57.7,27.36,79,33,5.06,MU,1678199093
58,lebu,-37.6167,-73.65,17.28,81,100,2.85,CL,1678199094
59,hot springs,34.5037,-93.0552,15.84,68,20,6.71,US,1678199095
60,port blair,11.6667,92.75,28.02,74,40,2.06,IN,1678199096
61,hilo,19.7297,-155.09,24.6,85,100,0.89,US,1678199097
62,yulara,-25.2406,130.9889,24.22,27,3,8.81,AU,1678199098
63,trelew,-43.249,-65.3051,19.34,31,0,1.8,AR,1678199100
64,bluff,-46.6,168.3333,14.98,78,100,5.31,NZ,1678199101
65,kaitangata,-46.2817,169.8464,14.38,75,95,2.03,NZ,1678199102
66,wuxue,29.8506,115.5525,19.92,42,100,0.79,CN,1678199103
67,digoin,46.4812,3.9795,7.29,65,100,1.54,FR,1678199104
68,vila velha,-20.3297,-40.2925,28.97,79,75,4.12,BR,1678198954
69,saint-philippe,-21.3585,55.7679,27.77,86,100,5.59,RE,1678199107
70,sfantu gheorghe,45.8667,25.7833,10.87,48,100,2.98,RO,1678199108
71,bethel,41.3712,-73.414,4.45,42,0,4.12,US,1678199109
72,castro,-24.7911,-50.0119,24.3,62,100,4.58,BR,1678199110
73,bredasdorp,-34.5322,20.0403,20.74,68,100,9.08,ZA,1678199111
74,taltal,-25.4,-70.4833,22.71,71,1,2.19,CL,1678199113
75,port-cartier,50.0334,-66.8654,3.19,98,100,3.44,CA,1678199114
76,hobart,-42.8794,147.3294,9.59,74,50,6.69,AU,1678199115
77,bambous virieux,-20.3428,57.7575,27.34,80,32,5.03,MU,1678199116
78,airai,-8.9266,125.4092,16.37,93,100,0.33,TL,1678199117
79,imeni poliny osipenko,52.4201,136.4853,-20.17,100,90,1.68,RU,1678199118
80,bengkulu,-3.8004,102.2655,25.44,83,100,1.5,ID,1678199119
81,lazaro cardenas,17.9583,-102.2,23.25,79,97,1.5,MX,1678199121
82,chuy,-33.6971,-53.4616,26.73,74,41,4.11,UY,1678199122
83,hun,29.1268,15.9477,28.0,12,0,4.7,LY,1678199123
84,ugoofaaru,5.6667,73.0,27.42,80,3,7.63,MV,1678199124
85,necochea,-38.5473,-58.7368,25.44,60,79,5.78,AR,1678199040
86,francistown,-21.17,27.5079,31.43,37,36,8.25,BW,1678199127
87,hailar,49.2,119.7,-16.25,100,92,2.18,CN,1678199128
88,albany,42.6001,-73.9662,0.2,54,33,1.79,US,1678198837
89,guerrero negro,27.9769,-114.0611,13.42,77,100,8.06,MX,1678199130
90,kerewan,13.4898,-16.0888,40.52,6,86,5.98,GM,1678199131
91,thompson,55.7435,-97.8558,-29.91,76,0,0.0,CA,1678199133
92,yarmouth,41.7057,-70.2286,4.08,59,0,8.05,US,1678199134
93,yellowknife,62.456,-114.3525,-25.25,70,20,5.14,CA,1678199135
94,kloulklubed,7.0419,134.2556,24.28,79,100,6.36,PW,1678199136
95,coahuayana,18.7333,-103.6833,20.83,84,97,1.27,MX,1678199137
96,hithadhoo,-0.6,73.0833,28.39,70,47,3.06,MV,1678199138
97,muros,42.7762,-9.0603,16.72,72,100,7.94,ES,1678199134
98,lujan,-34.5703,-59.105,30.63,54,82,1.79,AR,1678199141
99,piranhas,-16.4269,-51.8222,27.97,75,2,2.49,BR,1678199142
100,pochutla,15.7432,-96.4661,26.01,60,100,0.46,MX,1678199143
101,fort wellington,6.4,-57.6,27.45,68,99,4.35,GY,1678199144
102,pakxan,18.3778,103.6601,26.08,45,14,1.12,LA,1678199145
103,flinders,-34.5833,150.8552,21.32,68,0,0.89,AU,1678199147
104,tilichiki,60.4667,166.1,-6.54,96,100,2.71,RU,1678199148
105,bubaque,11.2833,-15.8333,24.98,61,100,2.54,GW,1678199149
106,la ronge,55.1001,-105.2842,-27.86,69,87,1.03,CA,1678199150
107,ngawi,-7.4038,111.4461,24.12,91,77,1.63,ID,1678199151
108,georgetown,5.4112,100.3354,28.97,74,20,1.54,MY,1678199144
109,porto belo,-27.1578,-48.5531,27.27,82,100,1.94,BR,1678199154
110,cidreira,-30.1811,-50.2056,25.97,74,19,1.77,BR,1678199155
111,edd,13.9297,41.6925,34.09,28,5,10.83,ER,1678199157
112,saldanha,-33.0117,17.9442,20.01,72,100,5.14,ZA,1678199158
113,arraial do cabo,-22.9661,-42.0278,29.92,66,0,9.26,BR,1678199159
114,husavik,66.0449,-17.3389,-7.63,84,100,11.55,IS,1678199160
115,kodiak,57.79,-152.4072,-1.27,86,0,4.63,US,1678199163
116,nantucket,41.2835,-70.0995,4.08,57,0,5.66,US,1678199164
117,charters towers,-20.1,146.2667,22.82,92,98,4.32,AU,1678199165
118,anloga,5.7947,0.8973,29.33,65,100,5.2,GH,1678199166
119,valparaiso,-33.0393,-71.6273,19.44,90,100,4.63,CL,1678199148
120,tres arroyos,-38.3739,-60.2798,22.84,65,98,3.19,AR,1678199092
121,bassano,50.7834,-112.4685,-17.98,100,100,1.2,CA,1678199170
122,nikolskoye,59.7035,30.7861,-5.05,84,95,1.03,RU,1678199171
123,namibe,-15.1961,12.1522,25.37,65,16,5.58,AO,1678199172
124,mar del plata,-38.0023,-57.5575,27.68,75,75,5.14,AR,1678199064
125,hobyo,5.3505,48.5268,27.12,70,93,8.2,SO,1678199174
126,christchurch,-43.5333,172.6333,16.06,90,91,3.6,NZ,1678199151
127,oksfjord,70.2396,22.3479,-6.9,86,83,3.93,NO,1678199177
128,codo,-4.4553,-43.8856,31.35,56,26,2.77,BR,1678199178
129,ramsar,36.9226,50.6426,8.69,100,100,1.03,IR,1678199179
130,norman wells,65.282,-126.8329,-29.98,76,20,2.06,CA,1678199180
131,barrow,71.2906,-156.7887,-4.99,86,100,3.09,US,1678199182
132,manjacaze,-24.7117,33.8828,26.23,65,11,4.5,MZ,1678199183
133,severo-kurilsk,50.6789,156.125,-2.05,94,100,2.55,RU,1678199184
134,formosa do rio preto,-11.0483,-45.1931,32.62,39,36,3.68,BR,1678199185
135,waipawa,-41.4122,175.5153,10.63,89,15,2.53,NZ,1678199186
136,derzhavinsk,51.1,66.3167,1.26,98,100,11.81,KZ,1678199188
137,upernavik,72.7868,-56.1549,-10.17,96,96,4.97,GL,1678199189
138,kununurra,-15.7667,128.7333,26.99,83,14,2.57,AU,1678199190
139,iqaluit,63.7506,-68.5145,-9.15,85,20,0.0,CA,1678199191
140,erenhot,43.6475,111.9767,3.94,37,6,3.66,CN,1678199192
141,lorengau,-2.0226,147.2712,25.27,83,100,2.59,PG,1678199193
142,lokoja,7.8024,6.743,38.45,30,97,1.2,NG,1678199195
143,college,64.8569,-147.8028,-5.01,86,75,0.0,US,1678199196
144,zhigansk,66.7697,123.3711,-34.77,100,40,2.22,RU,1678199197
145,bonoua,5.2741,-3.595,24.79,67,98,3.24,CI,1678199198
146,coihaique,-45.5752,-72.0662,11.34,50,75,4.12,CL,1678199199
147,swellendam,-34.0226,20.4417,24.53,54,100,5.43,ZA,1678199201
148,harku,59.1325,24.3711,-0.85,83,20,3.09,EE,1678199202
149,torbay,47.6666,-52.7314,-0.79,90,100,7.2,CA,1678199203
150,chokurdakh,70.6333,147.9167,-38.9,100,90,1.41,RU,1678199204
151,zhezkazgan,47.8043,67.7144,2.99,93,75,12.0,KZ,1678199205
152,mackay,-21.15,149.2,25.38,85,73,3.28,AU,1678199206
153,naryan-mar,67.6713,53.087,-21.35,87,99,3.57,RU,1678199208
154,berlevag,70.8578,29.0864,-10.0,73,0,6.17,NO,1678199210
155,dubbo,-32.25,148.6167,14.07,62,0,0.51,AU,1678199211
156,antofagasta,-23.65,-70.4,25.6,72,69,3.36,CL,1678199212
157,qinhuangdao,39.9317,119.5883,8.32,51,44,0.95,CN,1678199214
158,pangkalanbuun,-2.6833,111.6167,23.66,94,31,0.91,ID,1678199215
159,asau,46.4333,26.4,9.6,64,100,3.93,RO,1678199217
160,la paz,-16.5,-68.15,13.99,54,75,1.03,BO,1678199125
161,fonte boa,-2.4959,-66.2662,25.19,91,100,1.34,BR,1678199219
162,cape town,-33.9258,18.4232,25.19,58,0,4.63,ZA,1678198712
163,falun,60.6036,15.626,-1.7,53,100,2.31,SE,1678199221
164,tartagal,-22.5164,-63.8013,30.92,53,50,1.97,AR,1678199003
165,esperance,-33.8667,121.9,15.98,66,5,3.5,AU,1678199224
166,shubarkuduk,49.1447,56.4872,-5.99,90,6,4.18,KZ,1678199225
167,miri,4.4148,114.0089,25.08,94,40,2.06,MY,1678199226
168,sandy bay,-42.913,147.3532,9.61,73,43,6.69,AU,1678199228
169,new norfolk,-42.7826,147.0587,9.4,72,80,3.13,AU,1678199230
170,arrecife,28.963,-13.5477,19.99,73,20,2.57,ES,1678199231
171,longyearbyen,78.2186,15.6401,-16.09,60,40,5.14,SJ,1678199232
172,grand gaube,-20.0064,57.6608,27.43,74,13,1.79,MU,1678199233
173,arman,59.7,150.1667,-23.05,99,90,2.63,RU,1678199234
174,cairns,-16.9167,145.7667,26.15,100,75,2.06,AU,1678198579
175,pevek,69.7008,170.3133,-34.79,95,52,0.7,RU,1678199236
176,shiraoi,42.55,141.35,2.34,89,28,1.31,JP,1678199237
177,mazamari,-11.3258,-74.5308,26.7,65,91,0.96,PE,1678199238
178,sanford,28.8006,-81.2731,25.1,86,0,4.63,US,1678199239
179,muisne,0.6,-80.0333,26.33,85,100,1.2,EC,1678199240
180,fortuna,40.5982,-124.1573,4.19,95,40,6.17,US,1678199242
181,olafsvik,64.8945,-23.7142,-5.16,64,100,15.41,IS,1678199243
182,coquimbo,-29.9533,-71.3436,19.85,77,20,5.14,CL,1678199223
183,fereydunshahr,32.941,50.121,3.22,94,100,2.37,IR,1678199124
184,kuching,1.55,110.3333,27.79,89,20,2.24,MY,1678199248
185,karratha,-20.7377,116.8463,29.3,52,51,4.09,AU,1678199249
186,port keats,-14.25,129.55,27.4,89,10,6.71,AU,1678199251
187,ucluelet,48.9329,-125.5528,3.94,91,93,2.93,CA,1678199252
188,aklavik,68.2191,-135.0107,-27.92,97,20,4.8,CA,1678199253
189,andenes,69.3143,16.1194,-5.6,58,0,4.12,NO,1678199254
190,saryozek,44.3583,77.9753,6.46,73,62,4.46,KZ,1678199256
191,fremont,37.5483,-121.9886,6.61,93,100,3.09,US,1678199257
192,asuncion,-25.3007,-57.6359,29.94,54,75,4.12,PY,1678199096
193,deer lake,49.1667,-57.4316,-3.08,80,100,3.09,CA,1678199259
194,ponta do sol,32.6667,-17.1,21.35,90,55,3.51,PT,1678199260
195,makakilo city,21.3469,-158.0858,20.86,77,100,1.54,US,1678199261
196,buala,-8.145,159.5921,26.09,83,100,2.16,SB,1678199262
197,aras,42.5617,-2.356,14.23,48,40,11.32,ES,1678199264
198,mansa,29.9833,75.3833,23.68,26,59,4.1,IN,1678199265
199,chaman,30.9236,66.4512,18.64,26,0,3.05,PK,1678199266
200,orimattila,60.8049,25.7296,-3.68,71,7,2.22,FI,1678199267
201,samarai,-10.6167,150.6667,27.12,80,21,2.79,PG,1678199268
202,synya,65.3718,58.0387,-19.75,90,81,3.09,RU,1678199270
203,makungu,-8.7333,35.2833,22.55,88,97,2.02,TZ,1678199271
204,tura,25.5198,90.2201,21.19,21,0,1.31,IN,1678199272
205,clyde river,70.4692,-68.5914,-9.87,92,0,9.77,CA,1678199273
206,komsomolskiy,40.4272,71.7189,14.4,54,58,2.06,UZ,1678199274
207,storforshei,66.4043,14.5233,-6.86,53,0,5.14,NO,1678199276
208,mutare,-18.9707,32.6709,24.18,66,82,2.92,ZW,1678199277
209,hamilton,39.1834,-84.5333,5.8,78,100,8.75,US,1678199278
210,richards bay,-28.783,32.0377,26.44,69,67,3.03,ZA,1678199279
211,billings,45.7833,-108.5007,-5.13,88,100,0.0,US,1678199280
212,bonnyville,54.2668,-110.735,-18.11,94,100,3.56,CA,1678199282
213,sheregesh,52.9209,87.9869,-2.63,98,100,1.42,RU,1678199283
214,houma,29.5958,-90.7195,22.22,95,75,0.0,US,1678199284
215,mount isa,-20.7333,139.5,22.87,100,100,7.72,AU,1678199286
216,taunggyi,20.7833,97.0333,17.59,36,0,0.25,MM,1678199289
217,alofi,-19.0595,-169.9187,23.94,100,97,0.51,NU,1678199290
218,buta,2.7858,24.73,39.06,22,100,0.76,CD,1678199291
219,tarko-sale,64.9225,77.785,-25.89,94,6,5.77,RU,1678199294
220,waingapu,-9.6567,120.2641,25.51,88,100,2.61,ID,1678199295
221,leningradskiy,69.3833,178.4167,-33.66,96,6,1.1,RU,1678199296
222,victoria,22.2855,114.1577,20.67,67,0,4.92,HK,1678199297
223,jalu,29.0331,21.5482,24.13,18,0,1.3,LY,1678199298
224,colibasi,44.2022,26.1947,17.45,40,62,3.96,RO,1678199288
225,monrovia,6.3005,-10.7969,31.87,68,68,4.78,LR,1678199301
226,yar-sale,66.8333,70.8333,-19.82,94,100,7.22,RU,1678199230
227,virginia beach,36.8529,-75.978,14.47,72,0,9.26,US,1678199288
228,kamenka,51.3223,42.7678,-1.95,91,99,3.77,RU,1678199252
229,vestmannaeyjar,63.4427,-20.2734,-3.45,46,0,13.38,IS,1678199305
230,ardatov,55.2421,43.097,-3.27,88,89,5.05,RU,1678199306
231,cotonou,6.3654,2.4183,30.55,63,98,3.7,BJ,1678198823
232,quatre cocos,-20.2078,57.7625,27.27,80,26,5.12,MU,1678199309
233,antigonish,45.6169,-61.9986,1.26,83,87,1.34,CA,1678199310
234,hasaki,35.7333,140.8333,9.01,62,0,3.77,JP,1678199311
235,camana,-16.6228,-72.7111,24.46,78,99,1.57,PE,1678199312
236,dingle,10.9995,122.6711,24.9,90,1,3.38,PH,1678199313
237,karpathos,35.507,27.2132,17.98,63,40,5.14,GR,1678199264
238,altus,34.6381,-99.334,10.84,67,100,9.26,US,1678199315
239,bilibino,68.0546,166.4372,-33.56,84,23,1.92,RU,1678199317
240,azacualpa,15.3433,-88.5514,22.36,75,100,0.58,HN,1678199318
241,tiksi,71.6872,128.8694,-26.46,98,100,2.84,RU,1678199319
242,srednekolymsk,67.45,153.6833,-36.73,100,76,2.24,RU,1678199320
243,bagdarin,54.4333,113.6,-15.69,91,64,1.03,RU,1678199321
244,comodoro rivadavia,-45.8667,-67.5,16.92,29,0,7.2,AR,1678199056
245,vagur,61.4732,-6.8119,0.66,54,100,11.65,FO,1678199324
246,kitami,43.8031,143.8908,0.62,90,27,1.31,JP,1678199325
247,minamiashigara,35.3193,139.099,13.53,53,0,1.95,JP,1678199326
248,simoes,-7.5989,-40.8178,34.06,31,3,4.51,BR,1678199327
249,lima,-12.0432,-77.0282,25.14,69,0,2.06,PE,1678198867
250,ancud,-41.8697,-73.8203,13.65,71,0,1.59,CL,1678199329
251,byron bay,-28.65,153.6167,24.41,85,91,7.54,AU,1678199330
252,klaksvik,62.2266,-6.589,-2.49,54,100,11.85,FO,1678199332
253,ostersund,63.1792,14.6357,-4.1,54,75,4.12,SE,1678199333
254,sorland,67.667,12.6934,-3.08,59,40,7.2,NO,1678199334
255,teguise,29.0605,-13.564,18.12,73,20,2.57,ES,1678199224
256,beterou,9.1992,2.2586,41.28,21,52,0.88,BJ,1678199336
257,morozovsk,48.3539,41.8261,5.48,53,100,5.45,RU,1678199337
258,azul,-36.777,-59.8585,23.28,53,100,3.04,AR,1678199339
259,talnakh,69.4865,88.3972,-26.0,91,90,0.36,RU,1678199264
260,codrington,-38.2667,141.9667,12.4,78,100,8.15,AU,1678199341
261,san jeronimo,-11.9472,-75.2829,13.09,66,86,0.95,PE,1678199342
262,plettenberg bay,-34.0527,23.3716,20.82,79,44,8.06,ZA,1678199345
263,riyadh,24.6877,46.7219,32.08,9,66,5.88,SA,1678198869
264,micheweni,-4.9667,39.8333,28.21,70,22,5.84,TZ,1678199348
265,hohhot,40.8106,111.6522,7.16,39,0,1.0,CN,1678199350
266,puerto madero,14.7208,-92.4215,25.11,100,100,0.0,MX,1678199351
267,ajdabiya,30.7554,20.2263,23.37,22,12,4.53,LY,1678199352
268,uarini,-2.99,-65.1083,26.54,81,100,1.33,BR,1678199353
269,cabo san lucas,22.8909,-109.9124,19.17,64,89,1.92,MX,1678199354
270,roald,62.5833,6.1333,1.06,74,40,3.6,NO,1678199355
271,cuamba,-14.8031,36.5372,27.18,77,76,1.45,MZ,1678199356
272,mahibadhoo,3.7833,72.9667,27.76,77,2,6.04,MV,1678199357
273,puerto carreno,6.189,-67.4859,29.99,58,0,5.14,CO,1678199359
274,kosonsoy,41.2561,71.5508,15.31,45,89,1.41,UZ,1678199360
275,muromtsevo,56.3724,75.2418,-6.92,97,100,2.72,RU,1678199361
276,neka,36.6508,53.299,9.73,93,100,3.09,IR,1678199083
277,galeana,24.8333,-100.0667,16.58,58,15,2.36,MX,1678199364
278,lompoc,34.6391,-120.4579,4.4,92,0,2.06,US,1678199365
279,helong,42.5397,128.9972,6.91,47,80,3.0,CN,1678199367
280,dhidhdhoo,6.8833,73.1,27.3,74,5,3.58,MV,1678199368
281,benguela,-12.5763,13.4055,27.12,65,86,3.88,AO,1678199370
282,tucurui,-3.7661,-49.6725,28.4,76,99,2.36,BR,1678199371
283,touros,-5.1989,-35.4608,30.17,62,99,7.58,BR,1678199372
284,vila franca do campo,37.7167,-25.4333,17.23,87,53,9.66,PT,1678199373
285,weligama,5.9667,80.4167,26.32,76,19,4.41,LK,1678199375
286,ulladulla,-35.35,150.4667,17.95,41,17,2.51,AU,1678199376
287,palmer,42.1584,-72.3287,3.25,42,40,6.17,US,1678199377
288,phaltan,17.9833,74.4333,21.66,61,78,7.5,IN,1678199378
289,sakaiminato,35.55,133.2333,7.99,76,20,1.54,JP,1678199379
290,lilongwe,-13.9669,33.7873,27.11,65,40,1.03,MW,1678199380
291,rio grande,-32.035,-52.0986,28.06,74,43,5.21,BR,1678199131
292,mersing,2.4312,103.8405,25.95,89,20,4.12,MY,1678199383
293,grand forks,47.9417,-97.4337,-19.56,71,100,4.63,US,1678199384
294,cockburn town,21.4612,-71.1419,24.2,64,0,2.87,TC,1678199385
295,camacha,33.0833,-16.3333,19.68,78,40,6.17,PT,1678199386
296,souillac,-20.5167,57.5167,26.41,81,29,4.82,MU,1678199387
297,candelaria,13.9311,121.4233,24.1,92,1,2.74,PH,1678199389
298,hofn,64.2539,-15.2082,-4.69,54,14,12.03,IS,1678199390
299,mustasaari,63.1142,21.6822,-5.0,91,100,3.6,FI,1678199391
300,privas,44.5833,4.5,10.29,55,100,2.2,FR,1678199392
301,poum,-20.2333,164.0167,26.94,75,29,9.57,NC,1678199394
302,inhambane,-23.865,35.3833,29.99,58,40,6.54,MZ,1678199395
303,isla mujeres,21.2311,-86.731,26.03,69,40,3.59,MX,1678199396
304,port-gentil,-0.7193,8.7815,30.98,66,20,6.69,GA,1678199397
305,henties bay,-22.116,14.2845,19.34,73,8,5.94,NA,1678199398
306,marsabit,2.3284,37.9899,28.5,28,18,6.64,KE,1678199399
307,kokkola,63.8385,23.1307,-4.42,65,20,2.57,FI,1678199401
308,ahipara,-35.1667,173.1667,15.92,89,11,1.47,NZ,1678199402
309,the valley,18.217,-63.0578,27.92,65,20,4.63,AI,1678199403
310,pakokku,21.3333,95.1,29.8,24,0,0.71,MM,1678199406
311,nishihara,26.1842,127.7558,17.6,68,75,3.09,JP,1678199407
312,sola,-13.8833,167.55,27.11,75,38,3.17,VU,1678199408
313,nizhniy tsasuchey,50.5167,115.1333,-5.97,57,46,1.7,RU,1678199409
314,eyl,7.9803,49.8164,25.6,73,14,7.5,SO,1678199411
315,shakawe,-18.3667,21.85,27.55,52,84,0.61,BW,1678199412
316,faanui,-16.4833,-151.75,27.7,71,100,4.99,PF,1678199413
317,mankato,44.1636,-93.9994,0.55,97,100,2.06,US,1678199414
318,lucea,18.451,-78.1736,26.59,63,0,3.22,JM,1678199415
319,kavieng,-2.5744,150.7967,25.03,90,100,3.47,PG,1678199416
320,himberg,48.0644,16.448,12.09,69,40,11.32,AT,1678199420
321,lingao,19.9103,109.6859,20.06,79,0,4.06,CN,1678199421
322,pampas,-12.4,-74.9,15.36,60,93,2.45,PE,1678199422
323,galveston,29.3669,-94.9669,22.98,92,100,2.57,US,1678199425
324,holme,56.1138,10.1725,-0.24,85,76,12.17,DK,1678199426
325,gustavo diaz ordaz,26.2333,-98.5833,24.58,85,29,7.03,MX,1678199427
326,kruisfontein,-34.0033,24.7314,21.59,73,47,8.79,ZA,1678199428
327,champerico,14.3,-91.9167,25.3,62,85,1.46,GT,1678199429
328,mubi,10.2676,13.2644,40.37,5,36,4.92,NG,1678199431
329,pontianak,-0.0333,109.3333,25.99,88,20,1.03,ID,1678199432
330,pangai,-19.8,-174.35,26.49,67,85,6.17,TO,1678199433
331,cardston,49.2,-113.3019,-16.92,84,96,0.0,CA,1678199434
332,cedar city,37.6775,-113.0619,-3.46,86,100,2.06,US,1678199435
333,brae,60.3964,-1.353,1.68,57,100,8.68,GB,1678199437
334,brokopondo,4.75,-55.1667,27.36,68,100,3.09,SR,1678199438
335,gasa,31.5,34.4667,18.82,58,80,5.7,PS,1678199268
336,labuhan,-6.8844,112.2051,25.53,86,89,2.92,ID,1678199440
337,pangody,65.85,74.4859,-24.7,97,86,5.49,RU,1678199441
338,ambagarh chauki,20.7833,80.7167,24.77,25,20,2.32,IN,1678199442
339,polignano a mare,40.9959,17.2159,18.07,66,35,3.69,IT,1678199443
340,tomelloso,39.1522,-3.0243,13.62,50,34,10.78,ES,1678199444
341,kewanee,41.2456,-89.9248,4.32,71,100,5.65,US,1678199446
342,darhan,49.4867,105.9228,-0.39,58,100,3.09,MN,1678199448
343,berbera,10.4396,45.0143,26.39,75,6,5.43,SO,1678199449
344,merauke,-8.4667,140.3333,25.98,86,100,5.7,ID,1678199452
345,tessalit,20.1986,1.0114,32.27,5,97,5.3,ML,1678199453
346,udachnyy,66.4167,112.4,-32.07,100,98,2.59,RU,1678199454
347,portland,45.5234,-122.6762,3.53,95,75,2.06,US,1678199196
348,jiangyou,31.7667,104.7167,15.87,74,100,1.53,CN,1678199456
349,kahului,20.8947,-156.47,21.65,85,40,2.24,US,1678199458
350,fort nelson,58.8053,-122.7002,-29.33,100,96,1.04,CA,1678199459
351,kvitok,56.0724,98.4813,-1.92,82,100,5.76,RU,1678199460
352,anadyr,64.75,177.4833,-31.67,74,0,6.0,RU,1678199301
353,kupang,-10.1667,123.5833,25.61,84,100,0.5,ID,1678199462
354,kungurtug,50.5994,97.5228,-9.78,92,93,1.61,RU,1678199464
355,vikhorevka,56.1201,101.1636,-2.23,85,100,5.67,RU,1678199465
356,flin flon,54.7682,-101.865,-23.49,97,86,1.23,CA,1678199466
357,balestrand,61.2076,6.5334,0.0,76,5,0.73,NO,1678199467
358,hede,33.7681,120.2517,13.84,52,18,3.93,CN,1678199468
359,lagoa,39.05,-27.9833,15.37,79,69,15.16,PT,1678199470
360,sisimiut,66.9395,-53.6735,-1.24,71,8,2.74,GL,1678199393
361,fairlie,55.756,-4.8556,6.24,57,37,4.02,GB,1678199473
362,pangnirtung,66.1451,-65.7125,-1.52,80,42,1.79,CA,1678199474
363,luganville,-15.5333,167.1667,25.35,88,21,0.49,VU,1678199475
364,el sauzal,31.9,-116.6833,10.23,75,99,3.6,MX,1678199476
365,auckland,-36.8667,174.7667,16.18,66,5,1.03,NZ,1678199401
366,kapoeta,4.7717,33.5903,35.88,23,82,8.47,SS,1678199413
367,kamaishi,39.2667,141.8833,6.59,84,1,3.11,JP,1678199481
368,roma,43.2128,-75.4557,-1.29,60,0,6.17,US,1678199482
369,beira,-19.8436,34.8389,30.05,66,20,5.14,MZ,1678199484
370,gondanglegi,-7.7479,112.0132,23.68,92,67,1.58,ID,1678199485
371,makurdi,7.7411,8.5121,41.81,19,17,1.45,NG,1678199486
372,ouesso,1.6136,16.0517,31.21,51,77,2.5,CG,1678199487
373,kilimatinde,-5.85,34.95,29.95,34,15,2.4,TZ,1678199488
374,lavrentiya,65.5833,-171.0,-15.21,96,100,4.25,RU,1678199490
375,pisco,-13.7,-76.2167,24.45,83,0,2.06,PE,1678199491
376,chumikan,54.7183,135.315,-17.05,98,94,2.41,RU,1678199492
377,salinopolis,-0.6136,-47.3561,27.01,87,93,5.56,BR,1678199493
378,ilulissat,69.2167,-51.1,-2.49,62,16,5.79,GL,1678199494
379,rio grande city,26.3798,-98.8203,24.5,72,47,6.23,US,1678199495
380,broome,42.2506,-75.833,0.56,62,100,4.92,US,1678199498
381,deputatskiy,69.3,139.9,-30.54,100,98,1.05,RU,1678199499
382,hingoli,19.7167,77.15,25.52,32,56,2.35,IN,1678199500
383,limbang,4.75,115.0,26.06,95,93,0.83,MY,1678199501
384,skreia,60.65,10.9333,-3.7,82,100,1.42,NO,1678199503
385,bayji,34.9311,43.487,19.62,30,100,2.64,IQ,1678199504
386,fomboni,-12.28,43.7425,28.17,70,100,6.15,KM,1678199505
387,cabra,37.4725,-4.4421,14.57,71,99,4.72,ES,1678199506
388,saint-joseph,-21.3667,55.6167,27.21,85,98,5.98,RE,1678199405
389,ciudad bolivar,8.1222,-63.5497,31.77,42,96,4.1,VE,1678199508
390,fereydun kenar,36.6864,52.5225,11.12,93,100,1.03,IR,1678199510
391,abu kamal,34.4506,40.9171,19.42,30,100,2.18,SY,1678199511
392,okhotsk,59.3833,143.3,-24.88,97,41,1.61,RU,1678199512
393,iskateley,67.6803,53.1512,-21.7,87,97,3.83,RU,1678199513
394,ambon,-3.6954,128.1814,25.08,94,40,1.54,ID,1678199514
395,cabedelo,-6.9811,-34.8339,32.37,67,96,7.12,BR,1678199515
396,tongchuan,35.0806,109.0897,15.15,25,100,2.65,CN,1678199517
397,te anau,-45.4167,167.7167,13.94,95,98,1.95,NZ,1678199518
398,san-pedro,4.7485,-6.6363,30.33,67,99,4.77,CI,1678199519
399,caravelas,-17.7125,-39.2481,30.34,58,21,4.6,BR,1678199521
400,eluru,16.7,81.1,29.05,57,74,4.26,IN,1678199376
401,labrea,-7.2586,-64.7981,23.06,98,100,0.78,BR,1678199524
402,majene,-3.5403,118.9707,25.55,83,87,2.99,ID,1678199527
403,ostrovnoy,68.0531,39.5131,-17.07,93,51,4.63,RU,1678199529
404,inuvik,68.3499,-133.7218,-26.52,76,0,4.12,CA,1678199530
405,abalak,58.1286,68.5944,-4.42,95,100,2.21,RU,1678199531
406,vitim,59.4511,112.5578,-11.27,94,100,1.63,RU,1678199532
407,santa rita,-7.1139,-34.9781,32.37,55,75,7.2,BR,1678199533
408,barinas,8.6226,-70.2075,25.02,73,100,0.0,VE,1678199535
409,quang ngai,15.1167,108.8,18.79,86,0,1.69,VN,1678199536
410,luzhou,28.8724,105.4405,14.63,89,68,1.59,CN,1678199537
411,sabang,5.8933,95.3214,27.83,70,2,7.95,ID,1678199538
412,maltahohe,-24.8333,16.9833,29.8,7,0,11.35,NA,1678199539
413,nandi hills,0.1066,35.1838,27.49,23,86,0.36,KE,1678199541
414,tautira,-17.7333,-149.15,26.27,80,100,4.68,PF,1678199543
415,miandrivazo,-19.5167,45.4667,26.6,77,81,4.19,MG,1678199544
416,ketchikan,55.3422,-131.6461,-3.01,73,20,2.17,US,1678199545
417,qaqortoq,60.7167,-46.0333,-0.15,90,84,1.02,GL,1678199546
418,tezu,27.9167,96.1667,20.87,37,10,2.15,IN,1678199547
419,mozarlandia,-14.7447,-50.5706,30.46,62,57,2.34,BR,1678199549
420,borogontsy,62.6683,131.1683,-23.77,100,99,1.08,RU,1678199550
421,fujin,47.26,132.0322,-4.54,95,100,7.72,CN,1678199551
422,sao joao da barra,-21.6403,-41.0511,31.05,77,1,7.74,BR,1678199552
423,catuday,16.2923,119.8062,23.32,71,0,2.03,PH,1678199553
424,kismayo,-0.3582,42.5454,26.44,82,100,7.47,SO,1678199555
425,streator,41.1209,-88.8354,4.06,82,71,3.13,US,1678199556
426,boa vista,2.8197,-60.6733,28.99,61,75,9.26,BR,1678199557
427,port moresby,-9.4431,147.1797,23.68,94,40,3.6,PG,1678199558
428,sept-iles,50.2001,-66.3821,3.36,88,100,5.14,CA,1678199559
429,matara,5.9485,80.5353,26.08,75,17,5.29,LK,1678199560
430,kalabo,-14.97,22.6814,27.39,58,75,1.97,ZM,1678199561
431,grindavik,63.8424,-22.4338,-4.74,50,75,13.38,IS,1678199564
432,tyukalinsk,55.8732,72.1967,-4.7,93,100,4.97,RU,1678199565
433,tamworth,52.634,-1.6959,6.96,60,67,2.94,GB,1678199415
434,buzhakan,40.4529,44.521,8.66,57,11,1.07,AM,1678199567
435,port hardy,50.6996,-127.4199,6.0,81,100,8.23,CA,1678199568
436,lucan,53.3592,-6.4389,5.53,56,75,2.57,IE,1678199569
437,westport,41.1415,-73.3579,5.15,37,75,7.2,US,1678199570
438,saint-augustin,51.226,-58.6502,2.13,100,100,8.03,CA,1678199572
439,sinnamary,5.3833,-52.95,27.65,69,100,4.71,GF,1678199573
440,goya,-29.14,-59.2626,33.34,30,26,0.88,AR,1678199574
441,rusape,-18.5278,32.1284,22.22,67,94,3.07,ZW,1678199575
442,havelock,34.8791,-76.9013,21.66,69,2,4.47,US,1678199577
443,grand-lahou,5.1367,-5.0242,29.21,72,90,2.52,CI,1678199578
444,ixtapa,20.7,-105.2,15.57,94,0,2.06,MX,1678199579
445,bathsheba,13.2167,-59.5167,28.34,65,40,9.26,BB,1678199580
446,abu dhabi,24.4667,54.3667,28.06,54,0,3.6,AE,1678199347
447,klyuchi,52.2667,79.1667,0.6,98,100,7.66,RU,1678199582
448,jizan,17.3333,42.6667,29.52,50,0,3.04,SA,1678199583
449,tazovskiy,67.4667,78.7,-17.63,97,100,4.08,RU,1678199585
450,mach,29.8637,67.3298,21.22,32,23,1.03,PK,1678199586
451,southbridge,42.0751,-72.0334,3.42,50,76,4.92,US,1678199587
452,big rapids,43.6981,-85.4837,0.74,52,0,2.57,US,1678199590
453,rassvet,46.8333,40.75,6.29,74,99,4.94,RU,1678199592
454,mitsamiouli,-11.3847,43.2844,27.87,71,98,4.79,KM,1678199593
455,antalaha,-14.9003,50.2788,27.19,81,100,1.76,MG,1678199594
456,teguldet,57.3064,88.1667,-4.49,91,98,4.68,RU,1678199595
457,awash,8.9833,40.1667,31.35,20,6,6.92,ET,1678199596
458,mercedes,-34.6515,-59.4307,30.48,13,60,3.9,AR,1678199597
459,bandarbeyla,9.4942,50.8122,25.42,75,3,6.19,SO,1678199599
460,oksovskiy,62.6062,39.8984,-5.73,96,100,1.23,RU,1678199600
461,bud,39.447,-86.1758,5.97,78,93,6.37,US,1678199601
462,kawalu,-7.3817,108.2082,22.72,95,93,0.27,ID,1678199602
463,geraldton,-28.7667,114.6,21.23,83,0,2.57,AU,1678199605
464,vanimo,-2.6741,141.3028,25.11,90,100,2.38,PG,1678199606
465,shahrud,36.4182,54.9763,13.55,54,97,1.78,IR,1678199607
466,praia da vitoria,38.7333,-27.0667,19.14,77,40,13.71,PT,1678199608
467,shimoda,34.6667,138.95,8.95,61,0,4.12,JP,1678199609
468,vredendal,-31.6683,18.5012,22.01,62,1,8.72,ZA,1678199610
469,calama,-22.4667,-68.9333,18.27,52,0,1.54,CL,1678199420
470,yerbogachen,61.2767,108.0108,-7.76,94,100,5.02,RU,1678199613
471,lata,40.1629,-8.3327,17.26,49,97,4.12,PT,1678199614
472,shestakovo,56.4915,103.96,-2.08,94,100,3.83,RU,1678199617
473,manggar,-2.8833,108.2667,25.45,86,65,2.88,ID,1678199619
474,arrifes,37.7667,-25.7,16.14,94,40,9.26,PT,1678199620
475,batagay-alyta,67.8006,130.4114,-34.71,94,24,2.62,RU,1678199621
476,baiyin,36.5583,104.2081,5.81,30,36,0.54,CN,1678199496
477,thung song,8.1645,99.6804,22.99,89,5,2.63,TH,1678199623
478,college place,46.0493,-118.3883,3.57,77,0,0.89,US,1678199625
479,nanortalik,60.1432,-45.2371,0.54,88,40,5.05,GL,1678199626
480,ano mera,37.45,25.4,16.48,72,20,11.04,GR,1678199627
481,oum hadjer,13.2954,19.6966,39.94,7,100,4.33,TD,1678199628
482,otane,-39.8833,176.6333,11.12,93,2,1.2,NZ,1678199629
483,general roca,-39.0333,-67.5833,25.72,33,25,0.49,AR,1678199630
484,raudeberg,61.9875,5.1352,0.37,75,77,4.43,NO,1678199632
485,saint john,45.2727,-66.0677,1.0,86,100,4.12,CA,1678199633
486,chichimila,20.6167,-88.2167,22.03,53,97,2.09,MX,1678199634
487,bekhtery,46.251,32.2927,7.7,85,94,7.39,UA,1678199635
488,san patricio,28.017,-97.5169,24.38,75,42,5.39,US,1678199636
489,windsor locks,41.9293,-72.6273,4.93,43,20,6.69,US,1678199637
490,haines junction,60.7522,-137.5108,-8.03,86,100,1.54,CA,1678199639
491,urengoy,65.9667,78.3667,-26.77,95,38,5.79,RU,1678199640
492,atar,20.5169,-13.0499,36.14,8,0,5.23,MR,1678199641
493,nouadhibou,20.931,-17.0347,28.99,39,0,4.12,MR,1678199644
494,quesnel,52.9999,-122.5029,-14.72,85,100,3.09,CA,1678199645
495,evensk,61.95,159.2333,-12.51,96,100,1.55,RU,1678199646
496,korem,12.5058,39.5228,16.79,31,7,4.16,ET,1678199648
497,qui nhon,13.7667,109.2333,21.08,76,4,3.29,VN,1678199649
498,taoudenni,22.6783,-3.9836,34.14,7,0,1.2,ML,1678199651
499,ojinaga,29.5667,-104.4167,13.53,28,0,0.0,MX,1678199652
500,altay,47.8667,88.1167,-1.67,91,100,1.96,CN,1678199653
501,kargasok,59.0556,80.8572,-9.56,97,100,2.19,RU,1678199654
502,santa maria,-29.6842,-53.8069,25.61,89,75,3.09,BR,1678199403
503,conceicao do araguaia,-8.2578,-49.2647,28.29,77,99,1.22,BR,1678199656
504,tuatapere,-46.1333,167.6833,13.97,92,100,2.59,NZ,1678199658
505,belle fourche,44.6714,-103.8522,-2.5,93,100,4.19,US,1678199659
506,botou,38.0667,116.5667,16.75,22,60,4.78,CN,1678199497
507,araria,26.15,87.5167,23.97,19,0,3.28,IN,1678199661
508,afsin,38.2477,36.914,9.03,46,100,3.56,TR,1678199663
509,nizhniy ingash,56.2,96.53,-2.85,79,88,6.39,RU,1678199664
510,fallon,39.4735,-118.7774,-2.82,80,20,2.06,US,1678199665
511,marawi,7.9986,124.2928,20.1,97,91,1.28,PH,1678199666
512,vanderhoof,54.0166,-124.0198,-23.66,100,99,0.33,CA,1678199667
513,paamiut,61.994,-49.6678,-1.72,78,8,3.51,GL,1678199668
514,port hueneme,34.1478,-119.1951,7.37,92,0,2.57,US,1678199670
515,ouadda,8.0777,22.4007,36.45,19,94,3.97,CF,1678199671
516,wuda,39.4994,106.7117,6.83,30,0,1.48,CN,1678199672
517,hovd,48.0056,91.6419,1.57,42,24,4.39,MN,1678199673
518,buraydah,26.326,43.975,29.25,12,100,2.82,SA,1678199674
519,tabriz,38.08,46.2919,12.7,24,20,3.09,IR,1678199676
520,guadalupe y calvo,26.1,-106.9667,12.69,22,71,1.38,MX,1678199677
521,russell,32.3502,-85.1999,22.6,88,75,0.0,US,1678199678
522,ratnagiri,16.9833,73.3,28.66,46,3,3.74,IN,1678199679
523,damietta,31.4165,31.8133,17.94,58,13,4.8,EG,1678199680
524,summerville,33.0185,-80.1757,23.84,77,0,4.63,US,1678199681
525,yuanping,38.7153,112.7575,13.15,20,0,10.2,CN,1678199523
526,talaya,61.3833,152.75,-24.49,100,100,0.22,RU,1678199685
527,shenkursk,62.1091,42.896,-4.62,97,100,2.06,RU,1678199686
528,gamba,-2.65,10.0,27.64,75,85,3.63,GA,1678199688
529,krasnoselkup,65.7,82.4667,-16.86,94,100,8.69,RU,1678199689
530,pahrump,36.2083,-115.9839,3.47,70,65,0.89,US,1678199690
531,khandbari,27.3747,87.2039,16.78,35,2,1.14,NP,1678199692
532,tetiyiv,49.3767,29.6647,6.45,51,82,2.54,UA,1678199693
533,mareeba,-17.0,145.4333,23.58,94,80,1.0,AU,1678199694
534,kalmunai,7.4167,81.8167,25.8,81,6,4.2,LK,1678199695
535,semporna,4.4818,118.6112,25.82,89,53,4.12,MY,1678199696
536,lerwick,60.1545,-1.1494,0.0,59,94,9.12,GB,1678199697
537,cintalapa,16.6951,-93.7272,23.6,71,100,0.93,MX,1678199699
538,santander,43.4647,-3.8044,15.4,74,40,3.6,ES,1678199701
539,bilma,18.6853,12.9164,37.56,6,30,2.21,NE,1678199702
540,bodden town,19.2833,-81.25,28.89,80,20,3.6,KY,1678199703
541,craig,40.5153,-107.5464,-8.67,78,100,0.0,US,1678199705
542,dryden,49.7833,-92.7503,-17.84,85,20,3.09,CA,1678199706
543,aykhal,66.0,111.5,-28.5,100,100,3.19,RU,1678199708
544,rocha,-34.4833,-54.3333,27.95,66,64,3.82,UY,1678199709
545,veraval,20.9,70.3667,24.78,73,0,2.88,IN,1678199710
546,plouzane,48.3833,-4.6167,9.03,93,100,6.17,FR,1678199711
547,mathbaria,22.2876,89.9593,24.02,67,58,2.96,BD,1678199713
548,itarema,-2.9248,-39.9167,30.69,58,15,7.79,BR,1678199714
549,vung tau,10.346,107.0843,24.52,72,14,10.37,VN,1678199715
550,road town,18.4167,-64.6167,28.02,65,20,2.06,VG,1678199449
551,lakes entrance,-37.8811,147.981,19.53,53,95,7.48,AU,1678199717
552,awbari,26.5921,12.7805,27.59,11,0,1.59,LY,1678199718
553,honningsvag,70.9821,25.9704,-8.14,79,100,1.54,NO,1678199720
554,phan thiet,10.9333,108.1,21.96,80,44,4.2,VN,1678199721
